{"_wandb":{"runtime":358},"step":23,"avg_reward":0,"loss":5.5661053920630366e-05,"_runtime":358,"_step":23,"_timestamp":1.7614158599906158e+09,"evaluation_accuracy":0,"iteration":1}