{"_wandb":{"runtime":540},"evaluation_accuracy":0,"_timestamp":1.7614103482716277e+09,"_step":31,"step":31,"loss":7.458627806045115e-05,"iteration":1,"avg_reward":0,"_runtime":540}