{"_runtime":63,"chained_evaluation_accuracy":0,"_timestamp":1.761187826749828e+09,"_step":2,"iteration":1,"step":2,"avg_reward":-0.30000001192092896,"_wandb":{"runtime":63}}