{"_step":2,"step":2,"avg_reward":0.9449999928474426,"iteration":1,"_wandb":{"runtime":85},"_runtime":85,"chained_evaluation_accuracy":50,"_timestamp":1.7611876095538914e+09}