{"evaluation_accuracy":0,"_runtime":133,"loss":3.8710986700607464e-05,"step":8,"avg_reward":0,"_step":8,"_timestamp":1.7614160012423122e+09,"_wandb":{"runtime":133},"iteration":1}