{"_timestamp":1.7614175813965485e+09,"iteration":1,"avg_reward":1,"_step":101,"step":100,"_wandb":{"runtime":1549},"loss":0.007704451680183411,"_runtime":1549,"evaluation_accuracy":0}